,Entity,Year,Carbon dioxide emissions from buildings,Carbon dioxide emissions from industry,Carbon dioxide emissions from land use change and forestry,Carbon dioxide emissions from other fuel combustion,Carbon dioxide emissions from transport,Carbon dioxide emissions from manufacturing and construction,Fugitive emissions of carbon dioxide from energy production,Carbon dioxide emissions from electricity and heat,Carbon dioxide emissions from bunker fuels
31,Africa,1990,43130000.0,22770000.0,960360000.0,9180000.0,112300000.0,117369990.0,70380000.0,241970000.0,28090000.0
32,Africa,1991,44239996.0,24380002.0,960360000.0,9690001.0,117560000.0,109810010.0,80090000.0,247780000.0,28510000.0
33,Africa,1992,45270000.0,24760000.0,960360000.0,9670000.0,123369990.0,106540000.0,80540000.0,253550000.0,30710000.0
34,Africa,1993,47690000.0,24400000.0,960360000.0,11870000.0,122450000.0,98890000.0,86689990.0,265970000.0,30650000.0
35,Africa,1994,47670000.0,24900000.0,960340030.0,13000000.0,123950000.0,91250000.0,92789990.0,271810000.0,36160000.0
36,Africa,1995,47840000.0,26910000.0,961050000.0,14080000.0,132970000.0,94330000.0,104300000.0,285050000.0,37890000.0
37,Africa,1996,48480000.0,27449998.0,961040000.0,14010000.0,138490000.0,102290000.0,119890000.0,292549980.0,41380000.0
38,Africa,1997,50430000.0,27530000.0,961099970.0,13680000.0,147400020.0,106860000.0,108229990.0,309060000.0,38640000.0
39,Africa,1998,49970000.0,28590000.0,961310000.0,15099999.0,147760000.0,108000000.0,101580000.0,323240000.0,37700000.0
40,Africa,1999,50670000.0,29720000.0,961709950.0,14730000.0,156060000.0,105110000.0,97910000.0,320419970.0,43000000.0
41,Africa,2000,50930000.0,30910000.0,961789950.0,14150000.0,160080000.0,104030000.0,103270010.0,328429980.0,41920000.0
42,Africa,2001,56730000.0,32430000.0,995650050.0,13250000.0,167480000.0,107770000.0,98680000.0,374500000.0,39360000.0
43,Africa,2002,60490000.0,34920000.0,995720000.0,12500000.0,175840000.0,109600000.0,82619990.0,385950000.0,37340000.0
44,Africa,2003,62350000.0,35260000.0,995669950.0,12560000.0,186250000.0,113940000.0,91830000.0,403630000.0,40280000.0
45,Africa,2004,64920000.0,38040000.0,995720000.0,14630000.0,194280000.0,120000000.0,88040000.0,435539970.0,38270000.0
46,Africa,2005,69280000.0,41910000.0,995780030.0,18670000.0,198830000.0,134450000.0,85730000.0,440020000.0,38140000.0
47,Africa,2006,71440000.0,45730000.0,995789950.0,21840000.0,203590000.0,133890000.0,79920000.0,448170020.0,37350000.0
48,Africa,2007,79820000.0,49210000.0,995760000.0,23369998.0,214290000.0,135750000.0,70230000.0,462570020.0,39430000.0
49,Africa,2008,85020010.0,51840000.0,995810000.0,22840000.0,228470000.0,134410000.0,70810000.0,500980000.0,40690000.0
50,Africa,2009,85320000.0,58059996.0,995890000.0,25700000.0,237790000.0,145310000.0,66210000.0,468520000.0,37850000.0
51,Africa,2010,67590000.0,59670000.0,995950000.0,29060000.0,258109980.0,139410000.0,69180000.0,522549980.0,42100000.0
52,Africa,2011,71500000.0,58930000.0,1204090000.0,30170000.0,267870000.0,139150020.0,59630000.0,513450020.0,41510000.0
53,Africa,2012,83549990.0,63770000.0,1204310000.0,31740000.0,290260000.0,136090000.0,64879996.0,542740000.0,43630000.0
54,Africa,2013,87479990.0,65690004.0,1204270100.0,29300000.0,315470000.0,147150000.0,61830000.0,547569900.0,41520000.0
55,Africa,2014,89110000.0,70070000.0,1204220000.0,29130000.0,329090000.0,150230000.0,60530000.0,576160000.0,41660000.0
56,Africa,2015,87580000.0,74070000.0,1204220000.0,28350000.0,332640000.0,145050000.0,60880000.0,568410000.0,42170000.0
57,Africa,2016,86230000.0,77400000.0,1244330100.0,24210000.0,346180000.0,147290020.0,59600000.0,570539970.0,39660000.0
58,Africa,2017,99760000.0,75920000.0,1244260000.0,26920000.0,348120000.0,150870000.0,59500000.0,578859970.0,42590000.0
59,Africa,2018,95320000.0,77310000.0,1244220000.0,26440000.0,358660000.0,164150020.0,58930000.0,580820030.0,45190000.0
60,Africa,2019,89100000.0,78270000.0,1244020000.0,27510000.0,364610020.0,154870000.0,60610000.0,604410000.0,43800000.0
61,Africa,2020,88580000.0,75850000.0,1244000000.0,25050000.0,334660000.0,145880000.0,54250000.0,549870000.0,31290000.0
279,Asia,1990,772290000.0,221590000.0,113909970.0,370109980.0,771330050.0,1651160000.0,74630010.0,2132879900.0,166980000.0
280,Asia,1991,772800000.0,245540020.0,113909970.0,382060000.0,800430000.0,1716170000.0,80740010.0,2252630000.0,182160000.0
281,Asia,1992,759310000.0,282060000.0,113919976.0,380160000.0,836130000.0,1730899800.0,96150000.0,2409520000.0,201100000.0
282,Asia,1993,780859970.0,312340000.0,113839976.0,365020000.0,889920000.0,1773960000.0,88640000.0,2594500000.0,201580000.0
283,Asia,1994,771940030.0,344259970.0,113780024.0,373520000.0,911620000.0,1835240000.0,81120000.0,2783370000.0,216900020.0
284,Asia,1995,850020030.0,373820000.0,114990030.0,324910000.0,967650050.0,2044699900.0,77920000.0,2940240000.0,221410000.0
285,Asia,1996,814199940.0,391170000.0,-24500038.0,261850000.0,1058569900.0,1937710000.0,86380000.0,3154280000.0,228540000.0
286,Asia,1997,873220000.0,409130020.0,665310100.0,312360000.0,1048589950.0,1939320000.0,96049990.0,3236270000.0,245590000.0
287,Asia,1998,805550000.0,401149980.0,107660030.0,309919970.0,1031140030.0,1979200000.0,86850000.0,3311660000.0,252750000.0
288,Asia,1999,845030000.0,430440000.0,7559974.5,326240030.0,1075830000.0,1860119900.0,86830000.0,3430490000.0,259830020.0
289,Asia,2000,823640000.0,455140000.0,-47229996.0,263109980.0,1202640000.0,1917020000.0,95360000.0,3703370000.0,262300020.0
290,Asia,2001,823660000.0,489159970.0,-68450020.0,272840000.0,1230730000.0,1980400000.0,90510000.0,3845660200.0,263410000.0
291,Asia,2002,853820000.0,512710000.0,304780000.0,277370000.0,1282530000.0,2040980000.0,89490000.0,4120280300.0,273140000.0
292,Asia,2003,880390000.0,586610000.0,33749964.0,303199970.0,1335440000.0,2208470000.0,100979990.0,4548280000.0,285730020.0
293,Asia,2004,941339970.0,611290000.0,305730000.0,320670000.0,1437339900.0,2608950000.0,97420000.0,4886640000.0,315600000.0
294,Asia,2005,968500000.0,664440000.0,100350000.0,338020000.0,1486449900.0,3092940000.0,99000000.0,5152900000.0,339980000.0
295,Asia,2006,992690000.0,735130000.0,394780060.0,349980000.0,1538830000.0,3322580000.0,101520010.0,5615839700.0,363970020.0
296,Asia,2007,1018880000.0,798770050.0,-31819972.0,352709980.0,1631440000.0,3588429800.0,92470000.0,6072300500.0,384450020.0
297,Asia,2008,1023440000.0,825680060.0,-41150000.0,361390000.0,1697800100.0,3742089700.0,94310000.0,6224179700.0,401300030.0
298,Asia,2009,1016500000.0,895050000.0,261620000.0,362140000.0,1753590000.0,3942649900.0,92570000.0,6512659500.0,391759970.0
299,Asia,2010,1055500000.0,966779970.0,-29000016.0,368229980.0,1842500000.0,4331140000.0,88580000.0,7081890300.0,428090000.0
300,Asia,2011,1101100000.0,1054240000.0,-129909960.0,353370000.0,1950020000.0,4560570000.0,93820000.0,7772739600.0,445180000.0
301,Asia,2012,1094820000.0,1081290000.0,-120459950.0,378930000.0,2085800100.0,4573070000.0,100930000.0,8146220000.0,442750000.0
302,Asia,2013,1120920000.0,1137900000.0,-138070000.0,379610000.0,2179780000.0,4597800400.0,102470000.0,8509170000.0,452520000.0
303,Asia,2014,1125630000.0,1183940000.0,126570010.0,377840000.0,2249379800.0,4664580000.0,106170000.0,8596431000.0,462100000.0
304,Asia,2015,1160990000.0,1129840000.0,150260000.0,379190000.0,2358560000.0,4563889700.0,108110000.0,8511269400.0,505780000.0
305,Asia,2016,1195460000.0,1172300000.0,-36290004.0,378050000.0,2408500000.0,4411289600.0,115510000.0,8693340000.0,531429980.0
306,Asia,2017,1227360000.0,1193320100.0,-70099970.0,375720000.0,2502990000.0,4343730000.0,113200000.0,9149839000.0,547970050.0
307,Asia,2018,1186890000.0,1255690000.0,74540010.0,353850020.0,2610510000.0,4463849500.0,108130010.0,9632950000.0,567140030.0
308,Asia,2019,1156640000.0,1303010000.0,250640050.0,339880000.0,2608599800.0,4485200000.0,101870000.0,9837929000.0,557130000.0
309,Asia,2020,1158040000.0,1324710000.0,-49260004.0,334309980.0,2403840000.0,4515950000.0,101110000.0,9740120000.0,430960030.0
1922,Europe,1990,1076100000.0,98170000.0,-610740000.0,261010020.0,1158450000.0,1236000000.0,6720000.5,3450870000.0,231300000.0
1923,Europe,1991,1090440000.0,90700000.0,-610740000.0,252230020.0,1171290000.0,1137150100.0,7189999.5,3422510000.0,217630000.0
1924,Europe,1992,979250000.0,132649990.0,-610780000.0,186000000.0,1150830000.0,1042020030.0,51830000.0,3296429800.0,219269980.0
1925,Europe,1993,987880000.0,119810000.0,-610840000.0,214250000.0,1104449900.0,938690000.0,66059996.0,3079510000.0,218500000.0
1926,Europe,1994,921920060.0,119150000.0,-610930000.0,169610000.0,1074699900.0,884550000.0,81220000.0,2936050200.0,217989980.0
1927,Europe,1995,912190000.0,120970000.0,-610290050.0,169450000.0,1067670000.0,938000000.0,82540000.0,2870480000.0,222410000.0
1928,Europe,1996,970890000.0,112820000.0,-610709950.0,157650000.0,1085790100.0,905500000.0,76520010.0,2892930000.0,231840000.0
1929,Europe,1997,906299970.0,114930000.0,-611010000.0,151660000.0,1091729900.0,886140000.0,72610000.0,2766720000.0,245770000.0
1930,Europe,1998,882070000.0,117100000.0,-610460000.0,137690000.0,1147180000.0,838780000.0,78619990.0,2764570000.0,256670020.0
1931,Europe,1999,887500000.0,118890000.0,-608920000.0,131000000.0,1161940100.0,819360000.0,77049990.0,2723410000.0,258230020.0
1932,Europe,2000,859200000.0,122080000.0,-607890000.0,133780000.0,1150520000.0,855800000.0,83219990.0,2761109800.0,273450020.0
1933,Europe,2001,900070000.0,120360000.0,-1057349950.0,132750000.0,1173040000.0,851930050.0,85140000.0,2783520000.0,275429980.0
1934,Europe,2002,857360000.0,121420000.0,-1057760000.0,128660000.0,1188280000.0,834859970.0,90180000.0,2807590100.0,276589980.0
1935,Europe,2003,888260030.0,125210000.0,-1058289900.0,122470000.0,1213760000.0,847959940.0,105530000.0,2908370200.0,282750000.0
1936,Europe,2004,880640000.0,132670000.0,-1058500000.0,123640000.0,1254320100.0,832220000.0,99600000.0,2869600000.0,298850020.0
1937,Europe,2005,870140000.0,135360000.0,-1058349950.0,117410000.0,1253500000.0,796950000.0,115200010.0,2880800000.0,309869980.0
1938,Europe,2006,871880000.0,141500000.0,-1058490000.0,108280000.0,1277960000.0,785290000.0,99750000.0,2952580000.0,326389980.0
1939,Europe,2007,789000000.0,150610000.0,-1058580000.0,106900000.0,1298860000.0,806760000.0,103090000.0,2937660200.0,338200000.0
1940,Europe,2008,843380030.0,138980000.0,-1058850100.0,105320000.0,1293410000.0,779229950.0,83230000.0,2845590000.0,341360000.0
1941,Europe,2009,807050000.0,111590000.0,-1058890000.0,95480000.0,1237239900.0,662190000.0,92130000.0,2620460000.0,312090000.0
1942,Europe,2010,845660000.0,113660000.0,-1058260030.0,96460000.0,1246920100.0,713000000.0,70569990.0,2739680000.0,317690020.0
1943,Europe,2011,759260000.0,116290000.0,-1179180000.0,97530000.0,1245050100.0,718310000.0,74280000.0,2779500000.0,327840000.0
1944,Europe,2012,762240000.0,112090000.0,-1178699900.0,93690000.0,1199210000.0,740330050.0,46710000.0,2761980000.0,310970020.0
1945,Europe,2013,772530050.0,109960000.0,-1178670100.0,93860000.0,1194520000.0,727659970.0,41200000.0,2636850200.0,312690020.0
1946,Europe,2014,692650000.0,112540000.0,-1178830000.0,92590000.0,1201620000.0,737510000.0,38130000.0,2452240000.0,339700000.0
1947,Europe,2015,722859970.0,108110000.0,-1178790000.0,90050000.0,1213180000.0,719140030.0,40460004.0,2411980000.0,338109980.0
1948,Europe,2016,747860000.0,105790000.0,-708310100.0,90940000.0,1236710000.0,723200000.0,45670000.0,2339449900.0,339100000.0
1949,Europe,2017,762720000.0,108210000.0,-708180000.0,91660000.0,1258520000.0,720970000.0,40610000.0,2314780000.0,356180000.0
1950,Europe,2018,786030000.0,109200000.0,-706729900.0,99510000.0,1269569900.0,720600000.0,42760000.0,2276609800.0,368950000.0
1951,Europe,2019,769190000.0,109830000.0,-706330050.0,97680000.0,1273500000.0,735419970.0,46130000.0,2148099800.0,366380000.0
1952,Europe,2020,753780030.0,106600000.0,-705880000.0,97570000.0,1105780000.0,709480000.0,49110000.0,1952260000.0,236730020.0
1953,European Union (27),1990,600280000.0,87240000.0,-206740000.0,96840000.0,642630000.0,669310000.0,430000.0,1471170000.0,158770000.0
1954,European Union (27),1991,628760000.0,81500000.0,-206740000.0,97760000.0,651099970.0,606619970.0,1850000.0,1462970000.0,157140000.0
1955,European Union (27),1992,584280000.0,86540000.0,-206850000.0,91150000.0,669020000.0,551140030.0,1490000.0,1430740000.0,161830000.0
1956,European Union (27),1993,590010000.0,81210000.0,-206880000.0,93620000.0,674090050.0,532250000.0,1310000.0,1378400000.0,164350000.0
1957,European Union (27),1994,549410000.0,86490000.0,-206930000.0,94520000.0,678690000.0,548080000.0,2000000.0,1380960000.0,166650000.0
1958,European Union (27),1995,561020000.0,89910000.0,-206620000.0,93980000.0,687349950.0,563560000.0,3130000.0,1392300000.0,170240000.0
1959,European Union (27),1996,611730000.0,86820000.0,-206880000.0,95860000.0,709669950.0,560920000.0,3090000.0,1422839900.0,177850000.0
1960,European Union (27),1997,571510000.0,88770000.0,-206940000.0,94240000.0,721300000.0,560190000.0,3090000.0,1382880000.0,189130000.0
1961,European Union (27),1998,559210050.0,90640000.0,-206670000.0,93090000.0,750580030.0,533400030.0,3290000.0,1382910100.0,198240000.0
1962,European Union (27),1999,549620000.0,92020000.0,-205930000.0,87200000.0,768360000.0,508520000.0,3620000.0,1345770000.0,199170000.0
1963,European Union (27),2000,524580030.0,93300000.0,-205100000.0,86630000.0,768229950.0,522050000.0,3370000.0,1365910000.0,212220000.0
1964,European Union (27),2001,561270000.0,91020000.0,-244130000.0,84320000.0,782710000.0,514219970.0,3420000.0,1384100000.0,214240000.0
1965,European Union (27),2002,539120000.0,90130000.0,-244270000.0,82300000.0,790770050.0,500190000.0,3220000.0,1407130000.0,216750000.0
1966,European Union (27),2003,566909950.0,91360000.0,-244510000.0,75340000.0,804950000.0,510080000.0,3230000.0,1450820000.0,223420000.0
1967,European Union (27),2004,562600000.0,95550000.0,-244430000.0,76590000.0,824590000.0,494580000.0,3020000.0,1450130000.0,236560000.0
1968,European Union (27),2005,562650050.0,96010000.0,-244150000.0,76950000.0,822830000.0,483950000.0,3000000.0,1444590000.0,243070000.0
1969,European Union (27),2006,560680000.0,98790000.0,-244020000.0,73950000.0,834720000.0,467549980.0,2980000.0,1459880100.0,257739980.0
1970,European Union (27),2007,485060000.0,103240000.0,-243850000.0,69730000.0,843310000.0,468370000.0,2870000.0,1484290000.0,268989980.0
1971,European Union (27),2008,527240000.0,96070000.0,-243670000.0,68520000.0,826600000.0,449790000.0,2590000.0,1407579900.0,269060000.0
1972,European Union (27),2009,515130020.0,78540000.0,-243460000.0,65930000.0,800010000.0,373190000.0,2350000.0,1296050000.0,242740000.0
1973,European Union (27),2010,541310000.0,76960000.0,-242990000.0,68320000.0,793620000.0,401210000.0,2030000.0,1332360000.0,244740000.0
1974,European Union (27),2011,474090000.0,75690000.0,-503640000.0,65750000.0,787860000.0,400760000.0,2100000.0,1315150100.0,246970000.0
1975,European Union (27),2012,486149980.0,71330000.0,-503500000.0,64210000.0,757590000.0,385840000.0,1970000.0,1294010000.0,235510000.0
1976,European Union (27),2013,495589980.0,67610000.0,-503480000.0,64390000.0,751220000.0,378940000.0,340000.0,1226240000.0,228420000.0
1977,European Union (27),2014,422400000.0,70790000.0,-503580000.0,62020000.0,758430000.0,367980000.0,390000.0,1157969900.0,225700000.0
1978,European Union (27),2015,445740000.0,70180000.0,-503570020.0,60960000.0,773140030.0,363680000.0,380000.0,1183240000.0,230940000.0
1979,European Union (27),2016,454549980.0,70150000.0,-162860000.0,60410000.0,792270000.0,368170020.0,420000.0,1161420000.0,239930000.0
1980,European Union (27),2017,451880000.0,72300000.0,-162660000.0,61070000.0,806770050.0,368690020.0,330000.0,1171110000.0,250130000.0
1981,European Union (27),2018,433050000.0,73610000.0,-161770000.0,68890000.0,806120000.0,375000000.0,330000.0,1110939900.0,260250000.0
1982,European Union (27),2019,421869980.0,73560000.0,-161540000.0,68160000.0,812539970.0,362840000.0,330000.0,990480000.0,261350000.0
1983,European Union (27),2020,418160000.0,70410000.0,-161370000.0,69030000.0,701349950.0,347900000.0,320000.0,857860000.0,176080000.0
2449,High-income countries,1990,1521750000.0,203900000.0,-625579970.0,217930000.0,2748660000.0,1868990100.0,44210000.0,4824009700.0,467880000.0
2450,High-income countries,1991,1569010000.0,199820000.0,-625579970.0,221990000.0,2746640100.0,1786839900.0,55590000.0,4844640000.0,484530000.0
2451,High-income countries,1992,1538130000.0,210450000.0,-625690000.0,198410000.0,2821410000.0,1673640100.0,54280000.0,4963230000.0,512530000.0
2452,High-income countries,1993,1576330100.0,210690000.0,-625940030.0,200800000.0,2871760100.0,1679860000.0,46280000.0,4955790000.0,508740000.0
2453,High-income countries,1994,1524159900.0,223580000.0,-626199940.0,200590000.0,2960410000.0,1723270000.0,39280000.0,5056290000.0,522240000.0
2454,High-income countries,1995,1550789900.0,230110000.0,-625130000.0,204670000.0,3019380000.0,1703339900.0,41600000.0,5145949700.0,539780000.0
2455,High-income countries,1996,1658299900.0,227610000.0,-625560000.0,210650000.0,3106800000.0,1713470000.0,41690000.0,5304810000.0,553010000.0
2456,High-income countries,1997,1593070000.0,229510000.0,-625750000.0,209170020.0,3158450000.0,1718540000.0,46090000.0,5547530000.0,577860000.0
2457,High-income countries,1998,1511230000.0,223769980.0,-622210000.0,200460000.0,3214730000.0,1669200000.0,42140000.0,5629890000.0,597730000.0
2458,High-income countries,1999,1538810100.0,226570000.0,-624120000.0,193280000.0,3298120200.0,1647740000.0,41300000.0,5623409700.0,620730000.0
2459,High-income countries,2000,1549910000.0,230590000.0,-622960000.0,195670000.0,3341300000.0,1750430000.0,43010004.0,5744630000.0,642120000.0
2460,High-income countries,2001,1567909900.0,228640000.0,-488680030.0,197459980.0,3362050000.0,1717100000.0,40420000.0,5807410000.0,610779970.0
2461,High-income countries,2002,1556880000.0,231000000.0,-488900030.0,196720000.0,3415680000.0,1638520000.0,38130000.0,5763009500.0,637590000.0
2462,High-income countries,2003,1606980000.0,234040020.0,-489060030.0,185050000.0,3465450000.0,1648240000.0,43360000.0,5884460000.0,636740000.0
2463,High-income countries,2004,1583969900.0,239220000.0,-489110000.0,197120000.0,3522330000.0,1658630000.0,38730000.0,5967190000.0,693000000.0
2464,High-income countries,2005,1563550100.0,238470000.0,-489020000.0,199940000.0,3548190000.0,1595710000.0,38290000.0,6070509600.0,728839940.0
2465,High-income countries,2006,1487170000.0,244430000.0,-489140000.0,198770000.0,3568500000.0,1612560000.0,38180000.0,6049320000.0,769130000.0
2466,High-income countries,2007,1436119900.0,253010000.0,-489340030.0,190150000.0,3599949800.0,1612100000.0,37610000.0,6233949700.0,803920000.0
2467,High-income countries,2008,1481729900.0,244730000.0,-489360030.0,182250000.0,3480580000.0,1583790100.0,36640000.0,6084210000.0,812080000.0
2468,High-income countries,2009,1451200000.0,208570000.0,-489250020.0,177280000.0,3360950000.0,1410880000.0,36940000.0,5705940000.0,751500000.0
2469,High-income countries,2010,1486780000.0,208830000.0,-488850050.0,181840000.0,3431170000.0,1552049900.0,37640000.0,5986490400.0,785250000.0
2470,High-income countries,2011,1381150100.0,211290000.0,-976050000.0,175760000.0,3386010000.0,1533079900.0,42880000.0,5934319600.0,801229950.0
2471,High-income countries,2012,1332670000.0,213860000.0,-976010000.0,171810000.0,3335720000.0,1517310000.0,43270000.0,5904780000.0,766880000.0
2472,High-income countries,2013,1418110000.0,215340000.0,-976139970.0,175110000.0,3395190000.0,1519800000.0,43140000.0,5842390000.0,759620000.0
2473,High-income countries,2014,1337030000.0,225030000.0,-976290000.0,170020000.0,3401970000.0,1515540100.0,48190004.0,5711490000.0,760219970.0
2474,High-income countries,2015,1328520100.0,224720000.0,-976380000.0,171250000.0,3497040100.0,1513200000.0,47680000.0,5585779700.0,798080000.0
2475,High-income countries,2016,1326470000.0,223050000.0,-439259970.0,171099980.0,3536970000.0,1501809900.0,41910000.0,5471650000.0,848500000.0
2476,High-income countries,2017,1331319900.0,221290020.0,-439080000.0,173070000.0,3573080000.0,1474620000.0,41430000.0,5382960000.0,884140000.0
2477,High-income countries,2018,1370359900.0,219970000.0,-437740000.0,178690000.0,3606980000.0,1484689900.0,49900000.0,5307640000.0,895540030.0
2478,High-income countries,2019,1350040000.0,219950000.0,-437220000.0,169520000.0,3598480000.0,1459000000.0,56740000.0,5011820500.0,897399940.0
2479,High-income countries,2020,1298069900.0,212180000.0,-436920000.0,166220000.0,3118179800.0,1408880000.0,44930000.0,4613140000.0,659669950.0
3286,Low-income countries,1990,5930000.0,5540000.0,640059970.0,24710000.0,29190000.0,86009990.0,3700000.0,29119998.0,7850000.0
3287,Low-income countries,1991,5890000.0,4970000.5,640059970.0,25260002.0,28500000.0,83230000.0,4530000.0,28580000.0,7590000.0
3288,Low-income countries,1992,6170000.0,4790000.0,640059970.0,22830000.0,27310000.0,72319990.0,5340000.0,27700000.0,8110000.5
3289,Low-income countries,1993,6400000.0,4820000.0,640059970.0,21500000.0,25360000.0,67130010.0,6690000.0,26079998.0,6990000.0
3290,Low-income countries,1994,6680000.0,4870000.0,640050000.0,19590000.0,25730000.0,61430000.0,8040000.0,28360000.0,7310000.0
3291,Low-income countries,1995,7070000.0,5220000.0,640589950.0,20100000.0,25840000.0,57589996.0,7620000.0,29160000.0,7070000.0
3292,Low-income countries,1996,8069999.5,5180000.0,640570000.0,18250000.0,26730002.0,50450000.0,7769999.5,30590000.0,6960000.0
3293,Low-income countries,1997,8570000.0,4860000.0,640600000.0,17720000.0,26540000.0,49890000.0,7550000.0,31619998.0,6800000.0
3294,Low-income countries,1998,8420000.0,4860000.0,640740000.0,17480000.0,28359998.0,48360000.0,7020000.5,31029998.0,6810000.0
3295,Low-income countries,1999,8260000.0,5819999.5,640970000.0,19280000.0,25870000.0,51750000.0,7090000.0,34489996.0,6830000.0
3296,Low-income countries,2000,8660001.0,5580000.0,641040000.0,19320000.0,27779998.0,53730000.0,7569999.5,37070000.0,7100000.5
3297,Low-income countries,2001,8910000.0,5990000.0,642770050.0,20790000.0,28730000.0,56260000.0,5840000.0,38930000.0,6850000.0
3298,Low-income countries,2002,9320000.0,6090000.0,642810000.0,19230000.0,29770000.0,54830000.0,4610000.0,40400000.0,6920000.0
3299,Low-income countries,2003,8809999.0,6730000.0,642740000.0,20170000.0,30790000.0,57460000.0,5000000.0,42739996.0,6960000.0
3300,Low-income countries,2004,10550000.0,6790000.0,642760000.0,20380002.0,34400000.0,57450000.0,4500000.0,43450000.0,7500000.0
3301,Low-income countries,2005,12830000.0,7000000.0,642789950.0,22010000.0,39150000.0,62730000.0,5010000.0,47270000.0,7359999.5
3302,Low-income countries,2006,13210000.0,7090000.0,642810000.0,22680000.0,41410000.0,65030000.0,5480000.0,50180000.0,7819999.5
3303,Low-income countries,2007,13200000.0,7299999.5,642810000.0,20750000.0,44000000.0,58200000.0,5660000.0,51090000.0,7650000.0
3304,Low-income countries,2008,13280000.0,7630000.0,642810000.0,22020000.0,48280000.0,63530004.0,4820000.0,54550000.0,7370000.0
3305,Low-income countries,2009,13170000.0,7799999.5,642870000.0,15210000.0,52450000.0,52160000.0,5250000.0,53570000.0,7910000.0
3306,Low-income countries,2010,12580000.0,8830000.0,642870000.0,14470000.0,53760004.0,53990000.0,5189999.5,51290000.0,8850000.0
3307,Low-income countries,2011,12730000.0,9640000.0,870160000.0,11040000.0,56790000.0,44460000.0,4650000.0,46940000.0,8960000.0
3308,Low-income countries,2012,11940000.0,11080000.0,870170000.0,11060000.0,55020000.0,43400000.0,4120000.0,40149996.0,7010000.0
3309,Low-income countries,2013,11770000.0,11290000.0,870100000.0,8880000.0,54780004.0,35879996.0,3970000.0,35020000.0,6720000.5
3310,Low-income countries,2014,12710000.0,11020000.0,869979970.0,9700000.0,56330000.0,39750000.0,4090000.2,33860000.0,6740000.0
3311,Low-income countries,2015,11210000.0,12370000.0,869990000.0,7640000.0,52640000.0,32490002.0,3450000.0,32320000.0,6029999.5
3312,Low-income countries,2016,10430000.0,13420000.0,901980000.0,8690000.0,52980000.0,34860000.0,2640000.0,34350004.0,6380000.0
3313,Low-income countries,2017,16200001.0,14030000.0,901890000.0,8990000.0,58270000.0,52630004.0,3740000.0,35309996.0,7010000.0
3314,Low-income countries,2018,17110000.0,14380000.0,901820000.0,9060000.0,62240000.0,53000000.0,2890000.0,35990000.0,7299999.5
3315,Low-income countries,2019,17720000.0,15290000.0,901650000.0,9679999.0,65070000.0,56630000.0,3300000.2,35670000.0,6710000.0
3316,Low-income countries,2020,16740000.0,15350000.0,901650050.0,9040000.0,61110000.0,52730000.0,3340000.2,33600000.0,5240000.0
3317,Lower-middle-income countries,1990,218400000.0,61580000.0,841789950.0,155940000.0,316370000.0,516510000.0,108500000.0,861110000.0,38600000.0
3318,Lower-middle-income countries,1991,219060000.0,67900000.0,841760000.0,158930000.0,340109980.0,525780030.0,121630000.0,871410000.0,36890000.0
3319,Lower-middle-income countries,1992,235560000.0,82150000.0,841770050.0,141980000.0,327800000.0,523039970.0,118820000.0,854630000.0,33520000.0
3320,Lower-middle-income countries,1993,241430000.0,82740000.0,841750000.0,137430000.0,336390000.0,463280000.0,118750000.0,885290000.0,33870000.0
3321,Lower-middle-income countries,1994,261370000.0,85420000.0,841710000.0,138010000.0,346520000.0,439020030.0,118640000.0,861959940.0,38890000.0
3322,Lower-middle-income countries,1995,301640000.0,89640000.0,845350000.0,87530000.0,373680000.0,466149980.0,124770000.0,911280000.0,40900000.0
3323,Lower-middle-income countries,1996,318810000.0,94420010.0,709040060.0,86240000.0,401090000.0,448640000.0,142110000.0,909079940.0,43620000.0
3324,Lower-middle-income countries,1997,327309980.0,103049990.0,1397530000.0,88990010.0,425570020.0,473320000.0,134519980.0,943820000.0,43960000.0
3325,Lower-middle-income countries,1998,323429980.0,103840000.0,818400000.0,80660000.0,435450000.0,475530000.0,120950010.0,980060000.0,40850000.0
3326,Lower-middle-income countries,1999,341260000.0,112190000.0,742850000.0,87420010.0,451060000.0,507220000.0,114900000.0,1041210000.0,45260000.0
3327,Lower-middle-income countries,2000,349180000.0,119540000.0,688570000.0,88710000.0,464750000.0,507070000.0,123340000.0,1074059900.0,45980000.0
3328,Lower-middle-income countries,2001,352220000.0,125390010.0,799480000.0,92760000.0,480180000.0,532030000.0,117290000.0,1114280100.0,44590000.0
3329,Lower-middle-income countries,2002,367230000.0,133710010.0,1167080000.0,88160000.0,502570020.0,546990000.0,101060000.0,1149160100.0,44670000.0
3330,Lower-middle-income countries,2003,367200000.0,138480000.0,896160060.0,93260000.0,519890020.0,577979970.0,112740000.0,1205260000.0,48310000.0
3331,Lower-middle-income countries,2004,382200000.0,150390000.0,1159810000.0,99070000.0,550280000.0,598100000.0,106770000.0,1269110000.0,48520000.0
3332,Lower-middle-income countries,2005,382610000.0,161410000.0,953360000.0,106710000.0,563600000.0,621450000.0,105790000.0,1327120000.0,50750000.0
3333,Lower-middle-income countries,2006,399880000.0,171700000.0,1256440000.0,107470000.0,572280000.0,691760000.0,102660000.0,1394960000.0,52270000.0
3334,Lower-middle-income countries,2007,407410020.0,185860000.0,824360060.0,105460000.0,623810000.0,764780000.0,89200000.0,1484050000.0,56030000.0
3335,Lower-middle-income countries,2008,403960000.0,198830000.0,817010000.0,126930000.0,663660000.0,757450000.0,90520000.0,1544420100.0,58180000.0
3336,Lower-middle-income countries,2009,404350000.0,215720000.0,1105620000.0,126859990.0,707490000.0,784720000.0,86650000.0,1609360000.0,59860000.0
3337,Lower-middle-income countries,2010,408989980.0,230670000.0,820930000.0,128020010.0,742730000.0,874360000.0,88340000.0,1668290000.0,63910000.0
3338,Lower-middle-income countries,2011,421280000.0,245300000.0,1223590000.0,114480000.0,792460000.0,945349950.0,83610000.0,1770199900.0,63570000.0
3339,Lower-middle-income countries,2012,406580000.0,262910000.0,1235290000.0,130790010.0,853170000.0,907510000.0,87430000.0,1925740000.0,61110000.0
3340,Lower-middle-income countries,2013,421090000.0,278040000.0,1216740000.0,124450000.0,885550000.0,904120000.0,86810010.0,1968759900.0,63880000.0
3341,Lower-middle-income countries,2014,418850020.0,291309980.0,1467510000.0,125310000.0,923029950.0,959940030.0,89070000.0,2134370200.0,66350000.0
3342,Lower-middle-income countries,2015,416340000.0,296740000.0,1503390000.0,125890000.0,955300030.0,946440000.0,89680000.0,2148480000.0,72680000.0
3343,Lower-middle-income countries,2016,440930000.0,314250000.0,1082470000.0,126320000.0,984180030.0,960690000.0,96340000.0,2200370000.0,66960000.0
3344,Lower-middle-income countries,2017,444370000.0,321190000.0,1055120000.0,129450000.0,1028799940.0,1029410050.0,93790000.0,2295110100.0,68840000.0
3345,Lower-middle-income countries,2018,457740030.0,353309980.0,1195270000.0,131940000.0,1077520000.0,1089679900.0,89799990.0,2444000000.0,74290000.0
3346,Lower-middle-income countries,2019,456800000.0,369980000.0,1369239900.0,130680010.0,1084970000.0,1101429900.0,83900000.0,2472930000.0,71740000.0
3347,Lower-middle-income countries,2020,458860000.0,350180000.0,1074359900.0,124640000.0,967360000.0,1046920060.0,81040000.0,2326969900.0,39770000.0
4185,North America,1990,634750000.0,54390000.0,-265209980.0,82330000.0,1653980000.0,755589950.0,19390000.0,2418710000.0,151170020.0
4186,North America,1991,644870000.0,52190004.0,-265209980.0,79450010.0,1627870000.0,711080000.0,20810000.0,2451609900.0,157690000.0
4187,North America,1992,658320000.0,52880004.0,-265209980.0,63070000.0,1663870000.0,658560000.0,20650000.0,2558940000.0,165959980.0
4188,North America,1993,682320000.0,55600000.0,-265359980.0,60850000.0,1691639900.0,669920000.0,16560001.0,2616530000.0,155370000.0
4189,North America,1994,675079940.0,59480004.0,-265509980.0,61550004.0,1757310100.0,678120000.0,12389999.0,2665099800.0,155930000.0
4190,North America,1995,678650000.0,58460000.0,-264810000.0,62290000.0,1785980000.0,629680000.0,13790000.0,2727619800.0,164340000.0
4191,North America,1996,720500000.0,59820000.0,-264780000.0,64960000.0,1832049900.0,639220030.0,14610000.0,2814540000.0,161910000.0
4192,North America,1997,701440000.0,62740000.0,-264729980.0,66420000.0,1867470000.0,662140000.0,15610001.0,3081430000.0,155180000.0
4193,North America,1998,643050000.0,64440004.0,-264389980.0,61750000.0,1912910000.0,667909950.0,16160000.0,3176670000.0,158550000.0
4194,North America,1999,663069950.0,66220000.0,-263940000.0,60450000.0,1966590100.0,652640000.0,14110001.0,3139609900.0,174660000.0
4195,North America,2000,703589950.0,68720000.0,-263590030.0,63810000.0,2001870000.0,725390000.0,13300000.0,3200390000.0,182489980.0
4196,North America,2001,681910000.0,68320000.0,-102880010.0,65680000.0,2005200100.0,689080000.0,12559999.0,3222920000.0,149450000.0
4197,North America,2002,689970000.0,70890000.0,-102810000.0,67010004.0,2041890000.0,640890000.0,10850000.0,3096600000.0,172300000.0
4198,North America,2003,716180000.0,71380000.0,-102789976.0,63290000.0,2076050000.0,638000000.0,11750000.0,3148810000.0,154660000.0
4199,North America,2004,698750000.0,74930000.0,-102769990.0,74410000.0,2109490000.0,671060000.0,9440001.0,3168160300.0,175269980.0
4200,North America,2005,677130000.0,76940000.0,-102910000.0,78640000.0,2141339900.0,628449900.0,10230000.0,3245190000.0,185489980.0
4201,North America,2006,618410050.0,79369990.0,-103060000.0,84250000.0,2146440000.0,655690000.0,11180000.0,3178300200.0,193270000.0
4202,North America,2007,653850000.0,79619990.0,-103240024.0,80850000.0,2163149800.0,644460000.0,13230000.0,3266649900.0,202690000.0
4203,North America,2008,660330050.0,74670000.0,-103350040.0,78960000.0,2068580100.0,629050000.0,15030001.0,3172700200.0,192130000.0
4204,North America,2009,652360000.0,59740000.0,-103360020.0,74119990.0,1975920000.0,538750000.0,15370001.0,2938420200.0,175310000.0
4205,North America,2010,642490000.0,61470000.0,-103330020.0,78020010.0,2041590000.0,614070000.0,19020000.0,3068280000.0,186280000.0
4206,North America,2011,624310000.0,63080000.0,-227099980.0,76090000.0,1997649900.0,593839940.0,22520000.0,2961130000.0,183620000.0
4207,North America,2012,557990000.0,67580000.0,-227110000.0,74729990.0,1963870000.0,593050000.0,29550002.0,2841020000.0,157360000.0
4208,North America,2013,627920000.0,67180000.0,-227210000.0,79250000.0,2016180000.0,591570000.0,29520000.0,2852700000.0,157120000.0
4209,North America,2014,648920060.0,71259990.0,-227290020.0,78190000.0,2009290000.0,583349950.0,35630000.0,2844930000.0,157770000.0
4210,North America,2015,612699970.0,73030000.0,-227310020.0,79369990.0,2072790000.0,588560000.0,36340000.0,2706310100.0,166070000.0
4211,North America,2016,593470000.0,73590000.0,-126579990.0,76990000.0,2091780000.0,592090000.0,29160000.0,2616680000.0,180150020.0
4212,North America,2017,599270000.0,75670000.0,-126540010.0,77090000.0,2105909900.0,590200000.0,28330000.0,2526080000.0,194230000.0
4213,North America,2018,656980000.0,74230000.0,-126149990.0,78810000.0,2147929900.0,598210000.0,37090000.0,2552000000.0,185720000.0
4214,North America,2019,655600060.0,74770010.0,-125920000.0,69820000.0,2139619800.0,587800000.0,43770000.0,2413130000.0,197070000.0
4215,North America,2020,610830000.0,74410000.0,-125860010.0,61840000.0,1814810100.0,574030000.0,36140000.0,2179520000.0,127540010.0
4309,Oceania,1990,10240000.0,3940000.0,49260000.0,5060000.0,72070000.0,49230000.0,560000.0,148130000.0,9390000.0
4310,Oceania,1991,10160000.0,3650000.0,49230000.0,4970000.5,70650000.0,49620000.0,640000.0,151150000.0,9120000.0
4311,Oceania,1992,10590000.0,3430000.0,49230000.0,5120000.0,72750000.0,49330000.0,500000.0,154950000.0,9550000.0
4312,Oceania,1993,10660000.0,3530000.0,49230000.0,5250000.0,74340000.0,50480000.0,1099999.9,155640000.0,10230000.0
4313,Oceania,1994,10730000.0,4020000.0,49230000.0,5400000.0,76670010.0,52449996.0,1710000.0,157230000.0,11170000.0
4314,Oceania,1995,11180000.0,3940000.0,51170000.0,5440000.0,80110000.0,52989996.0,1470000.0,163380000.0,12110000.0
4315,Oceania,1996,11460000.0,3780000.0,51149996.0,5490000.0,82770000.0,52880000.0,1740000.0,171680000.0,12610001.0
4316,Oceania,1997,11580000.0,3760000.0,51280000.0,5820000.0,84400000.0,54130000.0,1530000.0,178700000.0,12670000.0
4317,Oceania,1998,11820000.0,4010000.2,51789996.0,5930000.0,84580000.0,54030000.0,1360000.0,197680000.0,13190001.0
4318,Oceania,1999,11760000.0,4090000.2,52879996.0,6060000.0,86189990.0,53860000.0,1360000.0,203600000.0,13480000.0
4319,Oceania,2000,12120000.0,4190000.0,53980000.0,5799999.5,89070000.0,55190004.0,1170000.0,206280000.0,13850000.0
4320,Oceania,2001,12410000.0,4069999.8,33419998.0,5899999.5,88710000.0,54969996.0,1100000.0,215780000.0,14300000.0
4321,Oceania,2002,12670000.0,4040000.0,33660000.0,6840000.0,90820000.0,45840000.0,890000.0,229519980.0,12400000.0
4322,Oceania,2003,13030001.0,4109999.8,33500000.0,8069999.5,91760000.0,51890000.0,1000000.0,222879980.0,12590000.0
4323,Oceania,2004,13090000.0,4050000.2,33580000.0,7970000.5,94970000.0,52789996.0,900000.0,232440000.0,14170000.0
4324,Oceania,2005,13099999.0,4240000.0,33369998.0,8389999.0,95200010.0,50320000.0,909999.94,237599980.0,15270000.0
4325,Oceania,2006,13170000.0,4430000.5,33129998.0,7980000.0,97340000.0,49300000.0,710000.0,242310000.0,15820000.0
4326,Oceania,2007,13440000.0,4660000.0,32949996.0,8059999.5,99770010.0,50460000.0,720000.0,247820000.0,16260000.0
4327,Oceania,2008,13380000.0,4500000.0,32460000.0,8029999.5,101450010.0,51950000.0,830000.0,248599980.0,16510000.0
4328,Oceania,2009,14099999.0,4420000.0,32279998.0,7790000.0,100610000.0,47910000.0,900000.0,256560000.0,15260000.0
4329,Oceania,2010,14320001.0,4110000.2,32250000.0,7950000.0,103729990.0,44140000.0,730000.0,259639980.0,16760000.0
4330,Oceania,2011,14760000.0,4029999.8,-32860000.0,8020000.5,106030000.0,46350000.0,1210000.0,252050000.0,15960000.0
4331,Oceania,2012,15090000.0,4090000.2,-32879998.0,8269999.5,106770000.0,47760004.0,1850000.0,251350000.0,16890000.0
4332,Oceania,2013,15350000.0,3880000.0,-32939998.0,8290000.0,108460000.0,48640000.0,1740000.0,241740000.0,17080000.0
4333,Oceania,2014,15910000.0,3760000.2,-33029998.0,8310000.5,108940000.0,49379996.0,2410000.0,231110000.0,18150000.0
4334,Oceania,2015,16250000.0,3699999.8,-33029998.0,8590000.0,111730000.0,45920000.0,2520000.0,238460000.0,17710000.0
4335,Oceania,2016,16400000.0,3420000.0,68759990.0,8910000.0,113340000.0,47700000.0,1660000.1,243840000.0,19220000.0
4336,Oceania,2017,16490000.0,3460000.0,68720000.0,9440001.0,115860000.0,47760004.0,1510000.0,244900020.0,20580000.0
4337,Oceania,2018,16410000.0,3360000.2,68830000.0,9430000.0,118590000.0,49790000.0,1900000.1,239070000.0,21690000.0
4338,Oceania,2019,16490000.0,3450000.0,69020010.0,8090000.0,118880010.0,50440004.0,2950000.0,239390000.0,23270000.0
4339,Oceania,2020,16840000.0,3199999.8,69380010.0,7580000.0,108950000.0,48870000.0,2140000.0,230420020.0,16549999.0
5270,South America,1990,51530000.0,21340000.0,1515139800.0,19040000.0,185130000.0,111610000.0,20230000.0,124720000.0,15440000.0
5271,South America,1991,50660000.0,23010000.0,1515139800.0,19330000.0,192900000.0,118660000.0,19619998.0,123020010.0,16059999.0
5272,South America,1992,52480000.0,21750000.0,1515139800.0,20860000.0,197849980.0,119330000.0,19430000.0,128140000.0,17020000.0
5273,South America,1993,54540000.0,23230000.0,1515870000.0,22840000.0,208330000.0,125880000.0,16660000.0,128000000.0,18420000.0
5274,South America,1994,54440004.0,24710000.0,1515870000.0,27550002.0,214440000.0,131380010.0,13880000.0,127840000.0,19529998.0
5275,South America,1995,56640000.0,26420000.0,1516300000.0,26370000.0,232500000.0,139040000.0,15610001.0,135850000.0,21200000.0
5276,South America,1996,57810000.0,28540000.0,1516550000.0,27769998.0,253360020.0,150300000.0,15240000.0,149110000.0,22660000.0
5277,South America,1997,58090000.0,31290000.0,1516620000.0,29150000.0,261130000.0,162850000.0,17600000.0,164520000.0,24470002.0
5278,South America,1998,58660000.0,32450000.0,1516670100.0,25970000.0,270869980.0,161060000.0,17260000.0,175370000.0,23100000.0
5279,South America,1999,62720000.0,31300002.0,1516990000.0,27200000.0,262870000.0,156700000.0,16549999.0,185720000.0,28480000.0
5280,South America,2000,63570000.0,31029998.0,1517020000.0,28369998.0,261310000.0,165209980.0,16490000.0,191830000.0,30610000.0
5281,South America,2001,62830000.0,29930000.0,1537329800.0,29760000.0,262849970.0,163850000.0,15230000.0,194340000.0,31680000.0
5282,South America,2002,62380000.0,27640002.0,1537359900.0,29110000.0,262949980.0,168880000.0,13210000.0,189620000.0,33430000.0
5283,South America,2003,60010004.0,27620000.0,1537350000.0,30080000.0,258400000.0,168530000.0,12580000.0,195900000.0,31130000.0
5284,South America,2004,62300000.0,27430000.0,1538150000.0,32520000.0,275539970.0,175320000.0,12320000.0,214930000.0,34780000.0
5285,South America,2005,62960000.0,30420002.0,1538120000.0,33940000.0,284670000.0,175049980.0,13140000.0,220709980.0,35810000.0
5286,South America,2006,62760000.0,34770000.0,1538120000.0,33529998.0,295620000.0,173760020.0,11630000.0,226180000.0,36130000.0
5287,South America,2007,73740000.0,36160004.0,1538100000.0,36750000.0,311100000.0,168620000.0,11200000.0,233440000.0,37520000.0
5288,South America,2008,68369990.0,38340000.0,1538140000.0,38680000.0,325220000.0,175410000.0,12770000.0,259290020.0,42680000.0
5289,South America,2009,67729990.0,38050000.0,1538130000.0,37700000.0,320740000.0,161040020.0,14050000.0,252510020.0,38680000.0
5290,South America,2010,72189990.0,40350000.0,1538150000.0,38440000.0,346940000.0,194070000.0,13440000.0,269549980.0,41580000.0
5291,South America,2011,74200000.0,43330000.0,663899970.0,38710004.0,375240000.0,206750000.0,15210000.0,265860020.0,43150000.0
5292,South America,2012,75370000.0,46470000.0,663870000.0,38989996.0,399740000.0,197519980.0,24520000.0,299630000.0,43780000.0
5293,South America,2013,77130000.0,49250000.0,663900000.0,43500000.0,413180000.0,200540020.0,26230000.0,325910000.0,39490000.0
5294,South America,2014,76250000.0,49810000.0,664059970.0,42940000.0,416060000.0,197690000.0,28670000.0,346940000.0,40650000.0
5295,South America,2015,75050000.0,48410000.0,664050000.0,42330000.0,403259970.0,181840000.0,26980000.0,353190000.0,40510000.0
5296,South America,2016,76650000.0,43970000.0,733780030.0,42130000.0,401850020.0,166620000.0,26680000.0,329980000.0,37120000.0
5297,South America,2017,75040000.0,41560000.0,733910000.0,42870000.0,404589980.0,172630000.0,20630002.0,313610000.0,38440000.0
5298,South America,2018,75040000.0,40560000.0,734040000.0,41210000.0,396989980.0,172100000.0,22950000.0,294380000.0,39180000.0
5299,South America,2019,71630010.0,41070000.0,734110000.0,39630000.0,400230000.0,159660000.0,26420000.0,281260000.0,38469996.0
5300,South America,2020,70730000.0,41330000.0,734150000.0,38620000.0,352709980.0,150860000.0,24590000.0,245100000.0,23650000.0
6045,Upper-middle-income countries,1990,841960000.0,151180000.0,906469950.0,348149980.0,859010000.0,1449450100.0,35500000.0,2803030000.0,88020010.0
6046,Upper-middle-income countries,1991,819210050.0,166780000.0,906469950.0,341549980.0,865420000.0,1446640000.0,27340000.0,2904060200.0,82140000.0
6047,Upper-middle-income countries,1992,725360000.0,220140000.0,906539900.0,301660000.0,868250000.0,1437679900.0,90660000.0,2955960000.0,89430000.0
6048,Upper-middle-income countries,1993,739789950.0,240660000.0,907249900.0,320350000.0,857589950.0,1447550100.0,103990000.0,2972980000.0,85130010.0
6049,Upper-middle-income countries,1994,689570000.0,262650000.0,907240000.0,292440000.0,826000000.0,1449270000.0,117150000.0,2994780000.0,89220000.0
6050,Upper-middle-income countries,1995,697020000.0,285549980.0,907620000.0,290240030.0,847950000.0,1671660000.0,121640010.0,3036220000.0,91590000.0
6051,Upper-middle-income countries,1996,638160000.0,296370000.0,904720000.0,216590000.0,916370000.0,1575339900.0,122810010.0,3230590000.0,95340000.0
6052,Upper-middle-income countries,1997,672110000.0,311960000.0,906210000.0,263209980.0,890120000.0,1569690100.0,123470000.0,3213710000.0,93690000.0
6053,Upper-middle-income countries,1998,608040060.0,315269980.0,925670000.0,257760020.0,915860000.0,1615890000.0,131720000.0,3308190000.0,96560010.0
6054,Upper-middle-income countries,1999,632420000.0,336080030.0,906600000.0,265699980.0,934390000.0,1441079900.0,130520010.0,3304120000.0,104850000.0
6055,Upper-middle-income countries,2000,605300000.0,356360000.0,907450050.0,205320000.0,1031620000.0,1511410000.0,138890000.0,3535629800.0,109410000.0
6056,Upper-middle-income countries,2001,608570000.0,384250000.0,384149950.0,209170000.0,1057020000.0,1542610000.0,139670000.0,3676080000.0,111400000.0
6057,Upper-middle-income countries,2002,603259970.0,400820000.0,389960030.0,217380000.0,1094270100.0,1600710100.0,143440000.0,3876970000.0,116010000.0
6058,Upper-middle-income countries,2003,637229950.0,470940030.0,389349900.0,241190000.0,1145500000.0,1745110100.0,162570000.0,4295390000.0,115130000.0
6059,Upper-middle-income countries,2004,684320000.0,492010020.0,398450050.0,257270020.0,1258900000.0,2146159900.0,157720000.0,4527540000.0,127910000.0
6060,Upper-middle-income countries,2005,702120000.0,546430000.0,399229980.0,266410000.0,1309010000.0,2598270000.0,175120000.0,4732300000.0,137590000.0
6061,Upper-middle-income countries,2006,730090000.0,617710000.0,390160100.0,276940000.0,1377550100.0,2751159800.0,158390020.0,5168900000.0,143680000.0
6062,Upper-middle-income countries,2007,772000000.0,672859970.0,395340030.0,292280000.0,1450810100.0,2959400000.0,158470000.0,5451320300.0,150930000.0
6063,Upper-middle-income countries,2008,794950000.0,682820030.0,392600000.0,284020030.0,1522370000.0,3107370000.0,145000000.0,5568130000.0,157020000.0
6064,Upper-middle-income countries,2009,774340030.0,734820030.0,406429950.0,283580030.0,1504960000.0,3250090000.0,152390000.0,5680239600.0,151660000.0
6065,Upper-middle-income countries,2010,789400000.0,797710000.0,400810000.0,293830000.0,1612080100.0,3555430100.0,130349990.0,6235490300.0,174470000.0
6066,Upper-middle-income countries,2011,829970000.0,873669950.0,-818760000.0,302610000.0,1706549900.0,3742079700.0,135530000.0,6793239600.0,183470000.0
6067,Upper-middle-income countries,2012,837870000.0,887439940.0,-820420000.0,312690020.0,1801680000.0,3819600100.0,133619990.0,6972250000.0,180350000.0
6068,Upper-middle-income countries,2013,850360000.0,929190000.0,-819420000.0,325370000.0,1892010000.0,3853560000.0,129070010.0,7267750400.0,190170000.0
6069,Upper-middle-income countries,2014,879880000.0,964020000.0,-805500000.0,323970020.0,1932990000.0,3867510000.0,130190000.0,7168070000.0,226690000.0
6070,Upper-middle-income countries,2015,919360000.0,903330050.0,-817600000.0,323100000.0,1987130000.0,3752270000.0,134480000.0,7023020000.0,233530000.0
6071,Upper-middle-income countries,2016,938240000.0,925750000.0,-369499940.0,315120000.0,2024180000.0,3590830000.0,137390000.0,7087440400.0,224810000.0
6072,Upper-middle-income countries,2017,988750000.0,941630000.0,-375860000.0,312190000.0,2075780000.0,3469500200.0,124819990.0,7414670000.0,239970000.0
6073,Upper-middle-income countries,2018,971460000.0,972690000.0,-370599900.0,289560000.0,2155449900.0,3541330200.0,129170000.0,7788169700.0,250709980.0
6074,Upper-middle-income countries,2019,934090000.0,1005179970.0,-368130000.0,272730020.0,2156860200.0,3556329700.0,137810000.0,8003780000.0,250239980.0
6075,Upper-middle-income countries,2020,925130000.0,1048390000.0,-372560000.0,265070000.0,1974059900.0,3636540200.0,138030000.0,7923560000.0,162020000.0
